other larceny,03/24/2012 06:00:00 AM,Saturday,42.34029135,-71.0821145
simple assault,03/24/2012 06:30:00 AM,Saturday,42.33604989,-71.107805
persloc,03/24/2012 06:34:00 AM,Saturday,42.34863064,-71.0777483
invprop,03/24/2012 06:40:00 AM,Saturday,42.31284636,-71.0784245
argue,03/24/2012 07:00:00 AM,Saturday,42.34696896,-71.0910836
towed,03/24/2012 07:30:00 AM,Saturday,42.36638634,-71.0560145
persmiss,03/24/2012 08:00:00 AM,Saturday,42.31223635,-71.0902145
proplost,03/24/2012 08:00:00 AM,Saturday,42.28363636,-71.1379345
simple assault,03/24/2012 08:00:00 AM,Saturday,42.36119634,-71.0556045
mvacc,03/24/2012 08:08:00 AM,Saturday,42.31814135,-71.0589795
medassist,03/24/2012 08:15:00 AM,Saturday,42.34552135,-71.1474995
val,03/24/2012 08:20:00 AM,Saturday,42.38198134,-71.0403695
towed,03/24/2012 08:27:00 AM,Saturday,42.36620134,-71.0548345
simple assault,03/24/2012 08:30:00 AM,Saturday,42.31328183,-71.053005
operating under influence,03/24/2012 08:31:00 AM,Saturday,42.30116838,-71.0736058
other larceny,03/24/2012 08:40:00 AM,Saturday,42.34016135,-71.0892145
towed,03/24/2012 08:42:00 AM,Saturday,42.35193135,-71.0773245
val,03/24/2012 08:45:00 AM,Saturday,42.32859135,-71.0827495
service,03/24/2012 08:56:00 AM,Saturday,42.24131986,-71.1389695
32gun,03/24/2012 08:56:00 AM,Saturday,42.38438558,-71.0183150
embezellment,03/24/2012 09:00:00 AM,Saturday,42.28339636,-71.0557145
commercial burglary,03/24/2012 09:00:00 AM,Saturday,42.32854635,-71.0683645
fraud,03/24/2012 09:00:00 AM,Saturday,42.27690342,-71.0862936
other larceny,03/24/2012 09:00:00 AM,Saturday,42.33056635,-71.0569445
vandalism,03/24/2012 09:00:00 AM,Saturday,42.34969635,-71.0912945
forgery,03/24/2012 09:00:00 AM,Saturday,42.27792715,-71.1612352
towed,03/24/2012 09:11:00 AM,Saturday,42.36060634,-71.0677945
proplost,03/24/2012 09:13:00 AM,Saturday,42.31685425,-71.0858745
robbery,03/24/2012 09:30:00 AM,Saturday,42.33250218,-71.0836463
propfound,03/24/2012 10:00:00 AM,Saturday,42.35257134,-71.0552995
val,03/24/2012 10:05:00 AM,Saturday,42.31864846,-71.081632
other larceny,03/24/2012 10:18:00 AM,Saturday,42.29201136,-71.1221745
propfound,03/24/2012 10:30:00 AM,Saturday,42.33971836,-71.1516677
drug charges,03/24/2012 10:30:00 AM,Saturday,42.28091045,-71.0850348
32gun,03/24/2012 10:30:00 AM,Saturday,42.31037135,-71.0612345
fraud,03/24/2012 10:41:00 AM,Saturday,42.26322136,-71.1003595
proplost,03/24/2012 10:45:00 AM,Saturday,42.35117134,-71.0621045
argue,03/24/2012 10:50:00 AM,Saturday,42.35013134,-71.0771445
val,03/24/2012 10:50:00 AM,Saturday,42.31158136,-71.0536795
residential burglary,03/24/2012 11:00:00 AM,Saturday,42.3447445,-71.1459969
larceny from motor vehicle,03/24/2012 11:00:00 AM,Saturday,42.27013137,-71.1475695
proplost,03/24/2012 11:00:00 AM,Saturday,42.37155634,-71.0389945
vandalism,03/24/2012 11:00:00 AM,Saturday,42.34897134,-71.0672895
medassist,03/24/2012 11:14:00 AM,Saturday,42.31184167,-71.0649429
other larceny,03/24/2012 11:29:00 AM,Saturday,42.37619134,-71.0398095
invper,03/24/2012 11:30:00 AM,Saturday,42.26917636,-71.0963995
other larceny,03/24/2012 11:30:00 AM,Saturday,42.32937538,-71.0847466
other larceny,03/24/2012 11:34:00 AM,Saturday,42.34431634,-71.0390895
mvacc,03/24/2012 11:36:00 AM,Saturday,42.28541992,-71.1426507
medassist,03/24/2012 11:37:00 AM,Saturday,42.27184505,-71.0680120
other larceny,03/24/2012 11:45:00 AM,Saturday,42.34977635,-71.0784295
mvacc,03/24/2012 11:54:00 AM,Saturday,42.33558135,-71.0399395
benoprop,03/24/2012 11:55:00 AM,Saturday,42.32148635,-71.1047045
val,03/24/2012 12:00:00 PM,Saturday,42.34998892,-71.1409164
fraud,03/24/2012 12:00:00 PM,Saturday,42.34377135,-71.0703845
proplost,03/24/2012 12:00:00 PM,Saturday,42.32149635,-71.0707545
persloc,03/24/2012 12:00:00 PM,Saturday,42.25502898,-71.1407926
other larceny,03/24/2012 12:15:00 PM,Saturday,42.35495135,-71.0597595
val,03/24/2012 12:30:00 PM,Saturday,42.28405295,-71.1124107
other,03/24/2012 12:32:00 PM,Saturday,42.30483531,-71.0846457
larceny from motor vehicle,03/24/2012 12:40:00 PM,Saturday,42.31959135,-71.0604845
other larceny,03/24/2012 12:48:00 PM,Saturday,42.35796162,-71.0572463
val,03/24/2012 12:55:00 PM,Saturday,42.35278135,-71.1301795
medassist,03/24/2012 01:00:00 PM,Saturday,42.32947983,-71.1110203
other larceny,03/24/2012 01:00:00 PM,Saturday,42.37330314,-71.0612379
residential burglary,03/24/2012 01:03:00 PM,Saturday,42.31290136,-71.0613045
vandalism,03/24/2012 01:04:00 PM,Saturday,42.27975828,-71.1216323
other larceny,03/24/2012 01:05:00 PM,Saturday,42.35164135,-71.0748545
phonecalls,03/24/2012 01:07:00 PM,Saturday,42.28313217,-71.0872304
val,03/24/2012 01:12:00 PM,Saturday,42.28151878,-71.073499
mvacc,03/24/2012 01:14:00 PM,Saturday,42.34135638,-71.0566691
other larceny,03/24/2012 01:15:00 PM,Saturday,42.29552635,-71.0615495
medassist,03/24/2012 01:29:00 PM,Saturday,42.33960135,-71.0553295
vandalism,03/24/2012 01:30:00 PM,Saturday,42.27160636,-71.1180795
val,03/24/2012 01:30:00 PM,Saturday,42.29195636,-71.0658145
aggravated assault,03/24/2012 01:30:00 PM,Saturday,42.28183167,-71.0839989
harbor,03/24/2012 01:30:00 PM,Saturday,42.36351005,-71.0513660
val,03/24/2012 01:40:00 PM,Saturday,42.34805135,-71.0881395
other larceny,03/24/2012 01:42:00 PM,Saturday,42.32059263,-71.0896335
propfound,03/24/2012 01:45:00 PM,Saturday,42.28714136,-71.1485745
mvacc,03/24/2012 01:45:00 PM,Saturday,42.33960135,-71.0553295
simple assault,03/24/2012 02:00:00 PM,Saturday,42.32192837,-71.0977180
medassist,03/24/2012 02:00:00 PM,Saturday,42.34045635,-71.0755845
proplost,03/24/2012 02:00:00 PM,Saturday,42.35914134,-71.0548895
proplost,03/24/2012 02:23:00 PM,Saturday,42.36397134,-71.0510595
mvacc,03/24/2012 02:35:00 PM,Saturday,42.28583636,-71.0693395
medassist,03/24/2012 02:40:00 PM,Saturday,42.34923635,-71.0803695
persloc,03/24/2012 02:40:00 PM,Saturday,42.33774635,-71.0690545
invper,03/24/2012 02:44:00 PM,Saturday,42.27859636,-71.1714495
val,03/24/2012 02:54:00 PM,Saturday,42.38612134,-71.0108495
persloc,03/24/2012 02:56:00 PM,Saturday,42.31274135,-71.0756495
fraud,03/24/2012 03:00:00 PM,Saturday,0E-8,0E-
invprop,03/24/2012 03:00:00 PM,Saturday,42.36552135,-71.0612195
residential burglary,03/24/2012 03:00:00 PM,Saturday,42.29740215,-71.0852567
landlord,03/24/2012 03:00:00 PM,Saturday,42.28355636,-71.0563395
robbery,03/24/2012 03:08:00 PM,Saturday,42.33930135,-71.0803195
service,03/24/2012 03:16:00 PM,Saturday,42.26325515,-71.1069979
other larceny,03/24/2012 03:18:00 PM,Saturday,42.28405295,-71.1124107
other larceny,03/24/2012 03:30:00 PM,Saturday,42.31700135,-71.0650895
propfound,03/24/2012 03:44:00 PM,Saturday,42.25614637,-71.1307445
larceny from motor vehicle,03/24/2012 03:45:00 PM,Saturday,42.24836637,-71.1125395
aggravated assault,03/24/2012 04:00:00 PM,Saturday,42.31508135,-71.0974645
fraud,03/24/2012 04:14:00 PM,Saturday,42.32543556,-71.0638730
larceny from motor vehicle,03/24/2012 04:15:00 PM,Saturday,42.31957193,-71.0927059
drug charges,03/24/2012 04:20:00 PM,Saturday,42.28405295,-71.1124107
invprop,03/24/2012 04:24:00 PM,Saturday,42.31692434,-71.0671752
32gun,03/24/2012 04:29:00 PM,Saturday,42.27208636,-71.0972245
other larceny,03/24/2012 04:30:00 PM,Saturday,42.33267635,-71.1095545
other larceny,03/24/2012 04:30:00 PM,Saturday,42.34923635,-71.0803695
commercial burglary,03/24/2012 04:30:00 PM,Saturday,42.35280082,-71.0609641
vandalism,03/24/2012 04:45:00 PM,Saturday,42.31784135,-71.0762845
other larceny,03/24/2012 04:47:00 PM,Saturday,42.33139635,-71.0823395
medassist,03/24/2012 04:55:00 PM,Saturday,42.28175636,-71.1340795
invper,03/24/2012 05:00:00 PM,Saturday,42.28688972,-71.0945523
vandalism,03/24/2012 05:00:00 PM,Saturday,42.25313373,-71.1237819
larceny from motor vehicle,03/24/2012 05:00:00 PM,Saturday,42.34232149,-71.076649
invprop,03/24/2012 05:00:00 PM,Saturday,42.35227635,-71.1261695
argue,03/24/2012 05:04:00 PM,Saturday,42.2545288,-71.1457129
mvacc,03/24/2012 05:05:00 PM,Saturday,42.28572137,-71.1289195
simple assault,03/24/2012 05:08:00 PM,Saturday,42.35136634,-71.0500495
val,03/24/2012 05:10:00 PM,Saturday,42.35048135,-71.1310595
simple assault,03/24/2012 05:20:00 PM,Saturday,42.28405295,-71.1124107
other larceny,03/24/2012 05:20:00 PM,Saturday,42.32549135,-71.0657495
medassist,03/24/2012 05:23:00 PM,Saturday,42.28572137,-71.1289195
disorderly,03/24/2012 05:25:00 PM,Saturday,42.31179782,-71.0615523
simple assault,03/24/2012 05:30:00 PM,Saturday,42.37804134,-71.0667645
service,03/24/2012 05:40:00 PM,Saturday,42.31918135,-71.0667695
val,03/24/2012 05:49:00 PM,Saturday,42.32278135,-71.1003895
aggravated assault,03/24/2012 05:50:00 PM,Saturday,42.31312136,-71.0909695
vandalism,03/24/2012 06:00:00 PM,Saturday,42.33747731,-71.0806244
drug charges,03/24/2012 06:00:00 PM,Saturday,42.34130529,-71.054710
drug charges,03/24/2012 06:02:00 PM,Saturday,42.34130529,-71.054710
robbery,03/24/2012 06:16:00 PM,Saturday,42.36858634,-71.0392595
larceny from motor vehicle,03/24/2012 06:16:00 PM,Saturday,42.31948771,-71.0662733
mvacc,03/24/2012 06:20:00 PM,Saturday,42.25591637,-71.1231645
proplost,03/24/2012 06:30:00 PM,Saturday,0E-8,0E-
larceny from motor vehicle,03/24/2012 06:30:00 PM,Saturday,42.34383135,-71.0676395
val,03/24/2012 06:33:00 PM,Saturday,42.28788136,-71.0780345
larceny from motor vehicle,03/24/2012 06:37:00 PM,Saturday,42.31371136,-71.0557295
service,03/24/2012 06:40:00 PM,Saturday,42.31158136,-71.0536795
weapons charge,03/24/2012 06:46:00 PM,Saturday,42.29485136,-71.0878395
persloc,03/24/2012 07:00:00 PM,Saturday,42.32011135,-71.0411895
val,03/24/2012 07:14:00 PM,Saturday,42.30078136,-71.0787995
medassist,03/24/2012 07:23:00 PM,Saturday,42.29764861,-71.0684333
other larceny,03/24/2012 07:25:00 PM,Saturday,42.32543556,-71.0638730
vandalism,03/24/2012 07:30:00 PM,Saturday,42.32193532,-71.0814191
other larceny,03/24/2012 07:30:00 PM,Saturday,42.34583135,-71.0752595
val,03/24/2012 07:30:00 PM,Saturday,42.31257983,-71.0929095
larceny from motor vehicle,03/24/2012 07:30:00 PM,Saturday,42.31047136,-71.1069695
val,03/24/2012 07:45:00 PM,Saturday,0E-8,0E-
persloc,03/24/2012 07:45:00 PM,Saturday,42.27841636,-71.1353095
vandalism,03/24/2012 07:50:00 PM,Saturday,42.35047603,-71.1277351
other larceny,03/24/2012 07:50:00 PM,Saturday,42.34710135,-71.0796045
persloc,03/24/2012 07:51:00 PM,Saturday,42.26651136,-71.1146445
persloc,03/24/2012 08:00:00 PM,Saturday,42.29553136,-71.0592845
proplost,03/24/2012 08:00:00 PM,Saturday,42.33194923,-71.0559959
larceny from motor vehicle,03/24/2012 08:00:00 PM,Saturday,42.35914135,-71.1361295
towed,03/24/2012 08:00:00 PM,Saturday,42.30856135,-71.0831195
simple assault,03/24/2012 08:00:00 PM,Saturday,42.38072634,-71.0662345
medassist,03/24/2012 08:00:00 PM,Saturday,42.34173635,-71.0725995
other larceny,03/24/2012 08:00:00 PM,Saturday,42.30861249,-71.0598754
medassist,03/24/2012 08:07:00 PM,Saturday,42.36680134,-71.0351295
argue,03/24/2012 08:12:00 PM,Saturday,42.305758,-71.08096
val,03/24/2012 08:14:00 PM,Saturday,42.34689135,-71.0892095
larceny from motor vehicle,03/24/2012 08:30:00 PM,Saturday,42.31800136,-71.0920795
vandalism,03/24/2012 08:30:00 PM,Saturday,42.33476135,-71.0353695
simple assault,03/24/2012 08:40:00 PM,Saturday,42.38049634,-71.0608945
val,03/24/2012 08:42:00 PM,Saturday,42.36773134,-71.0352495
other larceny,03/24/2012 08:47:00 PM,Saturday,42.32848135,-71.0815195
aggravated assault,03/24/2012 08:50:00 PM,Saturday,42.29986777,-71.0734964
other larceny,03/24/2012 09:00:00 PM,Saturday,42.29172136,-71.1196945
val,03/24/2012 09:00:00 PM,Saturday,42.28087136,-71.0803645
fire,03/24/2012 09:04:00 PM,Saturday,42.36612134,-71.0541945
larceny from motor vehicle,03/24/2012 09:10:00 PM,Saturday,42.2556051,-71.122277
disorderly,03/24/2012 09:10:00 PM,Saturday,42.34085635,-71.0878145
service,03/24/2012 09:10:00 PM,Saturday,42.34346135,-71.0643195
mvacc,03/24/2012 09:11:00 PM,Saturday,42.30606136,-71.0827195
medassist,03/24/2012 09:11:00 PM,Saturday,42.30606136,-71.0827195
medassist,03/24/2012 09:14:00 PM,Saturday,42.28557136,-71.0474445
drug charges,03/24/2012 09:29:00 PM,Saturday,42.33580635,-71.0762445
val,03/24/2012 09:30:00 PM,Saturday,42.33614135,-71.0816245
medassist,03/24/2012 09:40:00 PM,Saturday,42.33960135,-71.0553295
vandalism,03/24/2012 09:45:00 PM,Saturday,42.34898135,-71.1509145
val,03/24/2012 10:00:00 PM,Saturday,42.36286134,-71.0554145
other larceny,03/24/2012 10:00:00 PM,Saturday,42.36119634,-71.0556045
other larceny,03/24/2012 10:00:00 PM,Saturday,42.30926958,-71.078718
commercial burglary,03/24/2012 10:00:00 PM,Saturday,42.32781147,-71.0596409
licviol,03/24/2012 10:00:00 PM,Saturday,42.34837476,-71.1345227
simple assault,03/24/2012 10:00:00 PM,Saturday,42.30287635,-71.0705745
other larceny,03/24/2012 10:00:00 PM,Saturday,42.35071134,-71.0600695
simple assault,03/24/2012 10:03:00 PM,Saturday,42.30020938,-71.0809895
larceny from motor vehicle,03/24/2012 10:10:00 PM,Saturday,42.32311635,-71.1066595
weapons charge,03/24/2012 10:23:00 PM,Saturday,0E-8,0E-
drug charges,03/24/2012 10:26:00 PM,Saturday,42.32609135,-71.0753395
drug charges,03/24/2012 10:26:00 PM,Saturday,42.32609135,-71.0753395
persloc,03/24/2012 10:30:00 PM,Saturday,0E-8,0E-
larceny from motor vehicle,03/24/2012 10:30:00 PM,Saturday,42.37515634,-71.0326345
death investigation,03/24/2012 10:45:00 PM,Saturday,42.33322135,-71.0301895
simple assault,03/24/2012 10:50:00 PM,Saturday,42.32688961,-71.0544860
medassist,03/24/2012 10:50:00 PM,Saturday,42.28396136,-71.0852145
mvacc,03/24/2012 10:50:00 PM,Saturday,42.29021136,-71.0716095
persloc,03/24/2012 11:00:00 PM,Saturday,42.28811636,-71.0841695
larceny from motor vehicle,03/24/2012 11:00:00 PM,Saturday,42.34554135,-71.1413495
medassist,03/24/2012 11:00:00 PM,Saturday,42.33906141,-71.0523932
larceny from motor vehicle,03/24/2012 11:00:00 PM,Saturday,42.34259296,-71.0759915
larceny from motor vehicle,03/24/2012 11:00:00 PM,Saturday,42.35958647,-71.1176583
disorderly,03/24/2012 11:10:00 PM,Saturday,42.33616959,-71.1504776
larceny from motor vehicle,03/24/2012 11:20:00 PM,Saturday,42.35228634,-71.0613195
licviol,03/24/2012 11:25:00 PM,Saturday,42.34491393,-71.0964133
invper,03/24/2012 11:26:00 PM,Saturday,42.25907137,-71.1152895
auto theft,03/24/2012 11:30:00 PM,Saturday,42.29366657,-71.0769284
disorderly,03/24/2012 11:50:00 PM,Saturday,42.35904135,-71.0554295
proplost,03/24/2012 11:55:00 PM,Saturday,42.35237134,-71.0649045
fraud,03/25/2012 12:00:00 AM,Sunday,42.31801471,-71.0540417
other larceny,03/25/2012 12:00:00 AM,Sunday,42.33801135,-71.0827245
larceny from motor vehicle,03/25/2012 12:00:00 AM,Sunday,42.34995728,-71.0634784
simple assault,03/25/2012 12:01:00 AM,Sunday,42.29476483,-71.0820486
medassist,03/25/2012 12:17:00 AM,Sunday,42.35381135,-71.1393195
vandalism,03/25/2012 12:20:00 AM,Sunday,42.35228634,-71.0613195
violation of liquor laws,03/25/2012 12:20:00 AM,Sunday,42.35116571,-71.1258117
service,03/25/2012 12:31:00 AM,Sunday,42.27966636,-71.0888645
aggravated assault,03/25/2012 12:32:00 AM,Sunday,42.32313558,-71.091769
licviol,03/25/2012 12:40:00 AM,Sunday,42.31884635,-71.0567395
simple assault,03/25/2012 12:42:00 AM,Sunday,42.36142634,-71.0569895
robbery,03/25/2012 12:49:00 AM,Sunday,42.30195636,-71.0838245
phonecalls,03/25/2012 12:51:00 AM,Sunday,42.31818273,-71.1000774
simple assault,03/25/2012 12:53:00 AM,Sunday,42.34857484,-71.0727405
other,03/25/2012 01:00:00 AM,Sunday,42.30129136,-71.0844345
larceny from motor vehicle,03/25/2012 01:00:00 AM,Sunday,42.34797778,-71.1402378
other,03/25/2012 01:20:00 AM,Sunday,42.33146635,-71.1035045
simple assault,03/25/2012 01:20:00 AM,Sunday,42.34813135,-71.0844845
mvacc,03/25/2012 01:27:00 AM,Sunday,42.34659135,-71.0645895
other larceny,03/25/2012 01:40:00 AM,Sunday,42.26354636,-71.1023795
other larceny,03/25/2012 01:45:00 AM,Sunday,42.35243134,-71.0657745
operating under influence,03/25/2012 01:51:00 AM,Sunday,42.34801135,-71.0368795
propfound,03/25/2012 02:00:00 AM,Sunday,0E-8,0E-
mvacc,03/25/2012 02:00:00 AM,Sunday,42.31773135,-71.0983445
mvacc,03/25/2012 02:03:00 AM,Sunday,42.35252134,-71.0603745
simple assault,03/25/2012 02:04:00 AM,Sunday,42.34982135,-71.0583595
gather,03/25/2012 02:05:00 AM,Sunday,42.35047863,-71.1329021
simple assault,03/25/2012 02:20:00 AM,Sunday,42.34728135,-71.0877295
invper,03/25/2012 02:21:00 AM,Sunday,42.33322135,-71.0301895
larceny from motor vehicle,03/25/2012 02:30:00 AM,Sunday,42.31929135,-71.0527595
vandalism,03/25/2012 02:30:00 AM,Sunday,42.35182025,-71.053601
pubdrink,03/25/2012 02:33:00 AM,Sunday,42.36932634,-71.0330095
val,03/25/2012 02:37:00 AM,Sunday,42.34846135,-71.1352795
invprop,03/25/2012 02:38:00 AM,Sunday,42.30827136,-71.0674845
medassist,03/25/2012 02:38:00 AM,Sunday,42.34642599,-71.1469778
val,03/25/2012 03:04:00 AM,Sunday,42.35041635,-71.1349545
disorderly,03/25/2012 03:10:00 AM,Sunday,42.35428135,-71.1318895
aggravated assault,03/25/2012 03:27:00 AM,Sunday,42.35252134,-71.0603745
invprop,03/25/2012 03:30:00 AM,Sunday,42.29414636,-71.0817395
invper,03/25/2012 04:00:00 AM,Sunday,42.34066486,-71.1577549
val,03/25/2012 04:31:00 AM,Sunday,42.33043135,-71.1114195
medassist,03/25/2012 04:35:00 AM,Sunday,42.35089635,-71.1319845
val,03/25/2012 06:03:00 AM,Sunday,42.31023135,-71.0918195
vandalism,03/25/2012 06:15:00 AM,Sunday,42.29951635,-71.0732145
val,03/25/2012 06:30:00 AM,Sunday,42.31086198,-71.0632094
other larceny,03/25/2012 07:00:00 AM,Sunday,42.2901966,-71.0880262
vandalism,03/25/2012 07:15:00 AM,Sunday,42.37735134,-71.0579745
drug charges,03/25/2012 07:30:00 AM,Sunday,42.36164815,-71.0599865
towed,03/25/2012 07:45:00 AM,Sunday,42.36492134,-71.0583695
vandalism,03/25/2012 08:00:00 AM,Sunday,42.35877634,-71.0719945
simple assault,03/25/2012 08:22:00 AM,Sunday,42.32723569,-71.0805961
other larceny,03/25/2012 08:40:00 AM,Sunday,42.28787636,-71.1265845
larceny from motor vehicle,03/25/2012 08:40:00 AM,Sunday,42.34924634,-71.0637845
val,03/25/2012 08:53:00 AM,Sunday,42.30190136,-71.1143895
auto theft,03/25/2012 09:00:00 AM,Sunday,42.34316135,-71.0785395
other larceny,03/25/2012 09:00:00 AM,Sunday,42.33325635,-71.0728995
invper,03/25/2012 09:30:00 AM,Sunday,42.34703135,-71.1343195
towed,03/25/2012 09:40:00 AM,Sunday,42.37457634,-71.0598445
mvacc,03/25/2012 09:45:00 AM,Sunday,42.36942634,-71.0368295
argue,03/25/2012 09:59:00 AM,Sunday,42.3027161,-71.0824873
towed,03/25/2012 10:00:00 AM,Sunday,42.35910634,-71.0707195
medassist,03/25/2012 10:00:00 AM,Sunday,42.31500221,-71.1153390
val,03/25/2012 10:22:00 AM,Sunday,42.35103135,-71.0648995
mvacc,03/25/2012 10:29:00 AM,Sunday,42.25582137,-71.1241195
proplost,03/25/2012 10:30:00 AM,Sunday,42.36592134,-71.0528245
mvacc,03/25/2012 10:30:00 AM,Sunday,42.29109136,-71.0628095
commercial burglary,03/25/2012 10:30:00 AM,Sunday,42.35515135,-71.0620395
invper,03/25/2012 10:45:00 AM,Sunday,42.25642136,-71.1239495
fire,03/25/2012 10:55:00 AM,Sunday,42.29366136,-71.1214595
val,03/25/2012 10:55:00 AM,Sunday,42.29820136,-71.0868095
vandalism,03/25/2012 11:00:00 AM,Sunday,42.36039135,-71.1311395
simple assault,03/25/2012 11:00:00 AM,Sunday,42.31248635,-71.0797895
service,03/25/2012 11:00:00 AM,Sunday,42.33950635,-71.0693895
towed,03/25/2012 11:30:00 AM,Sunday,42.34878134,-71.0820695
drug charges,03/25/2012 11:30:00 AM,Sunday,42.36245135,-71.0583295
mvacc,03/25/2012 11:38:00 AM,Sunday,42.35405135,-71.1580395
argue,03/25/2012 11:46:00 AM,Sunday,42.29352636,-71.0884645
service,03/25/2012 11:54:00 AM,Sunday,42.35043993,-71.0384870
other larceny,03/25/2012 11:54:00 AM,Sunday,42.31738635,-71.0822595
other larceny,03/25/2012 12:00:00 PM,Sunday,42.34852367,-71.0780372
other larceny,03/25/2012 12:00:00 PM,Sunday,42.33399593,-71.0763991
persmiss,03/25/2012 12:00:00 PM,Sunday,42.33667635,-71.0980195
invprop,03/25/2012 12:00:00 PM,Sunday,42.33834288,-71.0787898
invper,03/25/2012 12:00:00 PM,Sunday,42.34898135,-71.1509145
vandalism,03/25/2012 12:00:00 PM,Sunday,42.35614135,-71.0694195
simple assault,03/25/2012 12:06:00 PM,Sunday,42.29764861,-71.0684333
vandalism,03/25/2012 12:09:00 PM,Sunday,42.30029356,-71.0721217
other,03/25/2012 12:25:00 PM,Sunday,42.32946096,-71.0914734
simple assault,03/25/2012 12:32:00 PM,Sunday,42.29754027,-71.0818096
arrest,03/25/2012 01:10:00 PM,Sunday,42.31823135,-71.0958595
val,03/25/2012 01:15:00 PM,Sunday,42.26867137,-71.0936895
vandalism,03/25/2012 01:30:00 PM,Sunday,42.34618135,-71.0986245
invper,03/25/2012 01:38:00 PM,Sunday,42.35013134,-71.0771445
medassist,03/25/2012 01:45:00 PM,Sunday,42.30092636,-71.0653695
mvacc,03/25/2012 01:49:00 PM,Sunday,42.35827134,-71.0710645
commercial burglary,03/25/2012 02:00:00 PM,Sunday,42.29795136,-71.1124995
val,03/25/2012 02:00:00 PM,Sunday,42.35086634,-71.0607095
fraud,03/25/2012 02:15:00 PM,Sunday,42.28295636,-71.0819495
larceny from motor vehicle,03/25/2012 02:30:00 PM,Sunday,42.2907686,-71.0915785
propfound,03/25/2012 02:44:00 PM,Sunday,42.39095244,-71.0134720
proplost,03/25/2012 03:00:00 PM,Sunday,42.34721134,-71.0879995
val,03/25/2012 03:00:00 PM,Sunday,42.33558135,-71.0374295
val,03/25/2012 03:04:00 PM,Sunday,42.29775135,-71.0609045
argue,03/25/2012 03:11:00 PM,Sunday,42.34603634,-71.0705045
simple assault,03/25/2012 03:15:00 PM,Sunday,42.31251177,-71.0876115
medassist,03/25/2012 03:20:00 PM,Sunday,42.34491635,-71.0810995
invper,03/25/2012 03:26:00 PM,Sunday,42.32543556,-71.0638730
other larceny,03/25/2012 03:30:00 PM,Sunday,42.35307228,-71.0643462
commercial burglary,03/25/2012 04:00:00 PM,Sunday,42.32115135,-71.0984545
drug charges,03/25/2012 04:00:00 PM,Sunday,42.34130529,-71.054710
service,03/25/2012 04:10:00 PM,Sunday,42.30508135,-71.0613645
drug charges,03/25/2012 04:11:00 PM,Sunday,42.27998137,-71.1190195
service,03/25/2012 04:11:00 PM,Sunday,42.32623635,-71.1031595
simple assault,03/25/2012 04:14:00 PM,Sunday,42.30816135,-71.0862395
drug charges,03/25/2012 04:15:00 PM,Sunday,42.34130135,-71.0765495
invper,03/25/2012 04:15:00 PM,Sunday,42.27897313,-71.1140979
other larceny,03/25/2012 04:27:00 PM,Sunday,42.29848136,-71.0631545
towed,03/25/2012 04:39:00 PM,Sunday,42.28827636,-71.1701795
invprop,03/25/2012 04:45:00 PM,Sunday,42.31784406,-71.0932488
drug charges,03/25/2012 04:45:00 PM,Sunday,42.34130529,-71.054710
medassist,03/25/2012 04:56:00 PM,Sunday,42.35248135,-71.0611495
vandalism,03/25/2012 05:00:00 PM,Sunday,42.31358717,-71.0543420
larceny from motor vehicle,03/25/2012 05:00:00 PM,Sunday,42.30159135,-71.0621395
invprop,03/25/2012 05:00:00 PM,Sunday,42.27808136,-71.0825195
fraud,03/25/2012 05:09:00 PM,Sunday,42.30750136,-71.0890495
other,03/25/2012 05:16:00 PM,Sunday,42.32216635,-71.1092995
other larceny,03/25/2012 05:29:00 PM,Sunday,42.34620635,-71.0871645
val,03/25/2012 05:30:00 PM,Sunday,42.38055134,-71.0658795
mvacc,03/25/2012 05:34:00 PM,Sunday,42.32492135,-71.0984095
simple assault,03/25/2012 05:37:00 PM,Sunday,42.30251366,-71.0833034
val,03/25/2012 05:50:00 PM,Sunday,42.34636135,-71.0892595
vandalism,03/25/2012 06:00:00 PM,Sunday,42.25240442,-71.1347565
service,03/25/2012 06:00:00 PM,Sunday,42.32902135,-71.0750095
aggravated assault,03/25/2012 06:00:00 PM,Sunday,42.28434661,-71.0646914
towed,03/25/2012 06:08:00 PM,Sunday,42.36354634,-71.0545395
invper,03/25/2012 06:17:00 PM,Sunday,42.27740636,-71.0684845
invprop,03/25/2012 06:18:00 PM,Sunday,42.31697135,-71.0593095
commercial burglary,03/25/2012 06:30:00 PM,Sunday,42.33664635,-71.0862495
simple assault,03/25/2012 06:30:00 PM,Sunday,42.282112,-71.0648966
32gun,03/25/2012 06:47:00 PM,Sunday,42.28198636,-71.0819695
other larceny,03/25/2012 07:00:00 PM,Sunday,42.25195136,-71.1253195
other larceny,03/25/2012 07:00:00 PM,Sunday,42.33325635,-71.0728995
medassist,03/25/2012 07:18:00 PM,Sunday,42.28532636,-71.1263795
vandalism,03/25/2012 07:30:00 PM,Sunday,42.29519636,-71.0927195
forgery,03/25/2012 07:49:00 PM,Sunday,42.34863064,-71.0777483
vandalism,03/25/2012 07:56:00 PM,Sunday,42.3069785,-71.078316
larceny from motor vehicle,03/25/2012 08:00:00 PM,Sunday,42.34081135,-71.0983595
auto theft,03/25/2012 08:00:00 PM,Sunday,42.33813135,-71.0746395
larceny from motor vehicle,03/25/2012 08:00:00 PM,Sunday,42.31093136,-71.0556295
larceny from motor vehicle,03/25/2012 08:00:00 PM,Sunday,42.35200536,-71.0593766
medassist,03/25/2012 08:08:00 PM,Sunday,42.31582635,-71.0812595
fraud,03/25/2012 08:10:00 PM,Sunday,42.2751208,-71.1159943
pubdrink,03/25/2012 08:14:00 PM,Sunday,42.32926135,-71.0790095
robbery,03/25/2012 08:24:00 PM,Sunday,42.31025635,-71.0861195
drug charges,03/25/2012 08:39:00 PM,Sunday,42.34310135,-71.0648395
simple assault,03/25/2012 08:40:00 PM,Sunday,42.28397231,-71.0555352
val,03/25/2012 08:40:00 PM,Sunday,42.34170135,-71.0744195
invper,03/25/2012 08:58:00 PM,Sunday,42.36187135,-71.0568695
val,03/25/2012 09:00:00 PM,Sunday,42.34160135,-71.0804695
val,03/25/2012 09:00:00 PM,Sunday,42.31804635,-71.0778745
towed,03/25/2012 09:07:00 PM,Sunday,42.34813135,-71.0844845
mvacc,03/25/2012 09:30:00 PM,Sunday,42.30802136,-71.0755395
proplost,03/25/2012 10:00:00 PM,Sunday,42.36552135,-71.0612195
larceny from motor vehicle,03/25/2012 10:00:00 PM,Sunday,42.34913135,-71.0876945
auto theft,03/25/2012 10:00:00 PM,Sunday,42.33602635,-71.0799595
vandalism,03/25/2012 10:00:00 PM,Sunday,42.25795137,-71.1612395
vandalism,03/25/2012 10:05:00 PM,Sunday,42.35881634,-71.0672245
fraud,03/25/2012 10:15:00 PM,Sunday,42.32383635,-71.0760195
stolen property charges,03/25/2012 10:17:00 PM,Sunday,42.31246635,-71.0573345
simple assault,03/25/2012 10:20:00 PM,Sunday,42.34143635,-71.1545895
trespass,03/25/2012 10:30:00 PM,Sunday,42.34248635,-71.0655745
simple assault,03/25/2012 10:55:00 PM,Sunday,42.26164137,-71.1539495
larceny from motor vehicle,03/25/2012 11:00:00 PM,Sunday,42.35114135,-71.0766595
invper,03/25/2012 11:00:00 PM,Sunday,42.35796407,-71.1666852
simple assault,03/25/2012 11:04:00 PM,Sunday,42.31226136,-71.1141495
simple assault,03/25/2012 11:10:00 PM,Sunday,42.31956635,-71.0472295
drug charges,03/25/2012 11:30:00 PM,Sunday,42.35144292,-71.0695265
other larceny,03/25/2012 11:30:00 PM,Sunday,42.34297118,-71.0738452
larceny from motor vehicle,03/25/2012 11:45:00 PM,Sunday,42.34733135,-71.0643995
towed,03/26/2012 12:01:00 AM,Monday,0E-8,0E-
service,03/26/2012 12:05:00 AM,Monday,42.34231635,-71.0733095
arrest,03/26/2012 12:05:00 AM,Monday,42.38011134,-71.0251545
invprop,03/26/2012 12:23:00 AM,Monday,42.33447135,-71.0987095
vandalism,03/26/2012 12:28:00 AM,Monday,42.34923635,-71.0803695
val,03/26/2012 12:30:00 AM,Monday,42.25295637,-71.1255395
commercial burglary,03/26/2012 12:31:00 AM,Monday,42.31735135,-71.0658345
fire,03/26/2012 12:45:00 AM,Monday,0E-8,0E-
larceny from motor vehicle,03/26/2012 12:45:00 AM,Monday,42.35628642,-71.0577724
violation of liquor laws,03/26/2012 02:12:00 AM,Monday,42.36673134,-71.0349695
vandalism,03/26/2012 02:30:00 AM,Monday,42.27931764,-71.1299381
argue,03/26/2012 03:00:00 AM,Monday,42.34962635,-71.0939445
simple assault,03/26/2012 03:10:00 AM,Monday,42.35095634,-71.0638995
medassist,03/26/2012 03:17:00 AM,Monday,42.31986635,-71.1027795
auto theft,03/26/2012 03:30:00 AM,Monday,42.33655135,-71.0769695
mvacc,03/26/2012 03:45:00 AM,Monday,42.32775135,-71.0869895
robbery,03/26/2012 04:00:00 AM,Monday,42.35067134,-71.0614295
val,03/26/2012 04:30:00 AM,Monday,42.33147135,-71.0734095
other larceny,03/26/2012 05:00:00 AM,Monday,42.2836616,-71.0658934
fire,03/26/2012 05:00:00 AM,Monday,42.28972152,-71.0909051
invper,03/26/2012 05:44:00 AM,Monday,42.35226635,-71.0725095
val,03/26/2012 06:30:00 AM,Monday,42.28101136,-71.0757195
persloc,03/26/2012 06:30:00 AM,Monday,42.37723634,-71.0326995
val,03/26/2012 06:38:00 AM,Monday,0E-8,0E-
val,03/26/2012 06:45:00 AM,Monday,42.32778635,-71.0685395
robbery,03/26/2012 06:45:00 AM,Monday,42.34861135,-71.0654595
medassist,03/26/2012 06:56:00 AM,Monday,42.33813135,-71.1495595
drug charges,03/26/2012 07:00:00 AM,Monday,42.3286598,-71.0856184
val,03/26/2012 07:00:00 AM,Monday,42.27270042,-71.1364109
mvacc,03/26/2012 07:00:00 AM,Monday,42.28765136,-71.1066895
drug charges,03/26/2012 07:00:00 AM,Monday,42.3286598,-71.0856184
other larceny,03/26/2012 07:05:00 AM,Monday,42.35388134,-71.0583145
drug charges,03/26/2012 07:30:00 AM,Monday,42.36164815,-71.0599865
persloc,03/26/2012 07:30:00 AM,Monday,42.25972163,-71.1231037
drug charges,03/26/2012 07:30:00 AM,Monday,42.3286598,-71.0856184
drug charges,03/26/2012 07:30:00 AM,Monday,42.3286598,-71.0856184
07rv,03/26/2012 07:40:00 AM,Monday,42.27096137,-71.1462395
val,03/26/2012 07:59:00 AM,Monday,42.38286134,-71.0393145
persloc,03/26/2012 08:00:00 AM,Monday,42.29553136,-71.0592845
persloc,03/26/2012 08:00:00 AM,Monday,42.28521636,-71.1488445
landlord,03/26/2012 08:00:00 AM,Monday,42.31121103,-71.0891511
drug charges,03/26/2012 08:00:00 AM,Monday,42.28486136,-71.0913245
drug charges,03/26/2012 08:25:00 AM,Monday,42.34986409,-71.1452973
mvacc,03/26/2012 08:40:00 AM,Monday,42.33264135,-71.0513695
val,03/26/2012 08:41:00 AM,Monday,42.35572135,-71.0589095
forgery,03/26/2012 08:42:00 AM,Monday,42.34338183,-71.086215
other larceny,03/26/2012 08:47:00 AM,Monday,42.30911635,-71.0828395
towed,03/26/2012 08:49:00 AM,Monday,42.33798135,-71.1532095
fraud,03/26/2012 09:00:00 AM,Monday,42.36371634,-71.0634945
other larceny,03/26/2012 09:00:00 AM,Monday,42.33677135,-71.0981045
drug charges,03/26/2012 09:00:00 AM,Monday,42.25642136,-71.1239495
invprop,03/26/2012 09:00:00 AM,Monday,42.33803135,-71.0764045
other larceny,03/26/2012 09:00:00 AM,Monday,42.35586683,-71.0599690
val,03/26/2012 09:06:00 AM,Monday,42.32943635,-71.0608495
mvacc,03/26/2012 09:12:00 AM,Monday,42.30856135,-71.0831195
fraud,03/26/2012 09:15:00 AM,Monday,42.33399593,-71.0763991
invper,03/26/2012 09:20:00 AM,Monday,42.33980135,-71.0524095
larceny from motor vehicle,03/26/2012 09:25:00 AM,Monday,42.27478636,-71.0945945
val,03/26/2012 09:30:00 AM,Monday,42.33517635,-71.0711345
propfound,03/26/2012 09:30:00 AM,Monday,42.29754136,-71.0597345
fire,03/26/2012 09:30:00 AM,Monday,42.35220011,-71.1392348
medassist,03/26/2012 09:30:00 AM,Monday,42.32731635,-71.0673195
drug charges,03/26/2012 09:30:00 AM,Monday,42.32854135,-71.0726095
other larceny,03/26/2012 09:45:00 AM,Monday,42.34246135,-71.0628095
vandalism,03/26/2012 09:54:00 AM,Monday,42.30417674,-71.059405
weapons charge,03/26/2012 09:54:00 AM,Monday,42.32744135,-71.0830695
simple assault,03/26/2012 10:00:00 AM,Monday,42.33109591,-71.0903889
simple assault,03/26/2012 10:15:00 AM,Monday,42.33019135,-71.0904595
invper,03/26/2012 10:15:00 AM,Monday,42.33950635,-71.0693895
fraud,03/26/2012 10:17:00 AM,Monday,42.35456135,-71.0757045
mvacc,03/26/2012 10:26:00 AM,Monday,42.33162135,-71.0530895
residential burglary,03/26/2012 10:30:00 AM,Monday,42.35318635,-71.0726645
medassist,03/26/2012 10:35:00 AM,Monday,42.31266412,-71.1073600
val,03/26/2012 10:42:00 AM,Monday,42.25162137,-71.1227495
invper,03/26/2012 10:55:00 AM,Monday,42.34242635,-71.0844595
other larceny,03/26/2012 10:59:00 AM,Monday,42.32532137,-71.100768
mvacc,03/26/2012 11:00:00 AM,Monday,42.35324634,-71.0610145
arrest,03/26/2012 11:05:00 AM,Monday,42.29262136,-71.0887595
invper,03/26/2012 11:08:00 AM,Monday,42.37748134,-71.0340995
invprop,03/26/2012 11:16:00 AM,Monday,42.30117561,-71.1091859
service,03/26/2012 11:17:00 AM,Monday,42.35230134,-71.0636745
drug charges,03/26/2012 11:20:00 AM,Monday,42.29592635,-71.0542095
simple assault,03/26/2012 11:25:00 AM,Monday,42.35164135,-71.0748545
val,03/26/2012 11:30:00 AM,Monday,42.29930136,-71.0557895
arrest,03/26/2012 11:45:00 AM,Monday,42.3286598,-71.0856184
residential burglary,03/26/2012 11:45:00 AM,Monday,42.29185136,-71.0543295
other larceny,03/26/2012 12:00:00 PM,Monday,42.35075635,-71.0748545
fraud,03/26/2012 12:00:00 PM,Monday,42.27498636,-71.1682245
fraud,03/26/2012 12:00:00 PM,Monday,42.37831622,-71.067092
simple assault,03/26/2012 12:00:00 PM,Monday,42.29048636,-71.0520645
fraud,03/26/2012 12:00:00 PM,Monday,42.27027264,-71.1653391
service,03/26/2012 12:00:00 PM,Monday,42.30582652,-71.1304956
service,03/26/2012 12:00:00 PM,Monday,42.28396136,-71.0819195
proplost,03/26/2012 12:00:00 PM,Monday,42.29684981,-71.0489528
vandalism,03/26/2012 12:00:00 PM,Monday,42.34130529,-71.054710
robbery,03/26/2012 12:00:00 PM,Monday,42.31425135,-71.0738345
simple assault,03/26/2012 12:00:00 PM,Monday,42.33019135,-71.0904595
sexreg,03/26/2012 12:00:00 PM,Monday,42.3286598,-71.0856184
other larceny,03/26/2012 12:00:00 PM,Monday,42.34603634,-71.0705045
invprop,03/26/2012 12:30:00 PM,Monday,42.29618713,-71.0548635
val,03/26/2012 12:32:00 PM,Monday,42.31133136,-71.0702295
other larceny,03/26/2012 12:35:00 PM,Monday,42.34865634,-71.0825695
medassist,03/26/2012 12:39:00 PM,Monday,42.34169,-71.1419618
aggravated assault,03/26/2012 12:43:00 PM,Monday,42.35000634,-71.0651345
vandalism,03/26/2012 12:45:00 PM,Monday,42.34130529,-71.054710
other larceny,03/26/2012 12:49:00 PM,Monday,42.34894635,-71.0848895
other larceny,03/26/2012 12:50:00 PM,Monday,42.30673135,-71.0820295
val,03/26/2012 12:50:00 PM,Monday,42.29848136,-71.0631545
